PolicyPercent,SpearmanRho,P
90,0.4423645320197043,0.01626683598373101
80,0.524630541871921,0.0034810135816357776
70,0.5113300492610836,0.0045836144004947985
60,0.38325123152709356,0.040150701713206775
